week,hist_temp,competition,rep,cast,cast_dead,conf,conf_dead
6,35,wo,10,17,0,NA,NA
6,35,wo,1,27,0,NA,NA
6,30,w,1,17,0,456,3
6,25,w,2,26,0,492,2
6,30,w,6,27,0,431,3
6,25,wo,1,79,0,NA,NA
6,30,w,3,35,0,273,2
6,25,w,5,28,0,387,2
6,25,w,7,27,0,431,10
6,30,w,5,46,0,468,5
6,30,wo,5,25,0,NA,NA
6,30,wo,8,52,0,NA,NA
6,25,w,10,67,0,486,3
6,35,w,3,17,0,475,4
6,25,wo,7,91,0,NA,NA
6,35,wo,7,48,0,NA,NA
6,35,wo,9,25,0,NA,NA
6,30,w,2,22,0,243,4
6,35,wo,3,60,0,NA,NA
6,30,w,9,12,0,385,6
6,25,wo,6,85,0,NA,NA
6,35,w,8,58,0,263,5
6,25,wo,4,60,0,NA,NA
6,35,w,2,30,0,262,3
6,35,w,7,38,0,528,4
6,35,wo,4,26,0,NA,NA
6,25,w,4,36,0,482,5
6,30,w,7,50,0,494,5
6,30,wo,6,73,0,NA,NA
6,25,wo,8,50,0,NA,NA
6,30,wo,7,32,0,NA,NA
6,25,w,3,43,0,424,5
6,25,w,8,45,0,312,4
6,25,w,9,34,0,410,2
6,30,wo,1,50,0,NA,NA
6,35,w,6,20,0,424,4
6,25,wo,5,110,0,NA,NA
6,25,wo,10,60,0,NA,NA
6,25,w,6,80,0,476,10
6,25,wo,2,48,0,NA,NA
6,35,w,9,17,0,471,8
6,35,w,1,44,0,425,6
6,30,wo,10,79,1,NA,NA
6,30,wo,9,75,0,NA,NA
6,35,wo,5,45,0,NA,NA
6,30,w,8,19,0,471,8
6,35,wo,6,33,0,NA,NA
6,30,wo,3,48,1,NA,NA
6,35,w,4,46,0,305,5
6,30,wo,4,31,0,NA,NA
6,30,wo,2,58,0,NA,NA
6,25,wo,9,103,0,NA,NA
6,25,wo,3,67,0,NA,NA
6,30,w,10,22,0,400,1
6,35,w,10,38,0,324,5
6,35,wo,2,30,0,NA,NA
6,35,w,5,46,0,450,4
6,35,wo,8,64,0,NA,NA
6,30,w,4,55,0,421,7
6,25,w,1,30,0,451,7
12,30,w,10,29,0,433,0
12,35,wo,5,254,0,NA,NA
12,25,wo,7,363,0,NA,NA
12,35,wo,7,201,0,NA,NA
12,25,wo,5,452,1,NA,NA
12,25,w,2,12,0,406,0
12,25,wo,4,351,0,NA,NA
12,35,w,6,22,1,370,0
12,35,w,5,35,0,401,9
12,35,w,7,14,0,334,2
12,25,w,9,29,0,338,1
12,25,wo,1,355,1,NA,NA
12,25,w,7,25,0,354,1
12,35,wo,2,319,0,NA,NA
12,30,w,1,10,0,396,1
12,35,wo,4,247,0,NA,NA
12,25,wo,2,190,0,NA,NA
12,35,wo,1,135,0,NA,NA
12,35,w,9,7,0,406,0
12,25,w,1,18,0,406,1
12,30,w,4,35,0,317,0
12,35,wo,9,181,0,NA,NA
12,25,wo,3,348,0,NA,NA
12,30,w,7,38,0,319,0
12,35,wo,6,199,0,NA,NA
12,25,w,5,18,0,317,0
12,25,w,3,29,0,344,0
12,30,wo,2,402,0,NA,NA
12,30,wo,8,429,1,NA,NA
12,30,wo,4,205,0,NA,NA
12,35,wo,10,202,0,NA,NA
12,25,wo,10,372,0,NA,NA
12,30,wo,9,362,0,NA,NA
12,35,wo,3,449,0,NA,NA
12,25,w,8,41,0,336,0
12,25,w,10,42,0,339,2
12,30,wo,10,415,0,NA,NA
12,30,w,5,46,0,353,0
12,30,w,6,22,0,366,0
12,35,w,2,31,0,423,4
12,30,w,8,11,0,372,0
12,25,wo,8,339,0,NA,NA
12,30,w,2,33,0,365,1
12,25,w,6,42,0,362,0
12,25,wo,6,456,0,NA,NA
12,30,wo,5,156,1,NA,NA
12,30,wo,6,338,1,NA,NA
12,30,wo,3,283,2,NA,NA
12,35,w,10,86,0,388,2
12,30,wo,7,264,0,NA,NA
12,35,wo,8,397,0,NA,NA
12,30,w,3,67,0,337,1
12,35,w,3,15,0,348,0
12,30,w,9,8,0,426,3
12,35,w,1,28,0,403,1
12,25,w,4,37,0,343,0
12,35,w,8,125,0,369,1
12,25,wo,9,424,0,NA,NA
12,30,wo,1,382,0,NA,NA
12,35,w,4,54,0,350,0
18,30,wo,2,503,0,NA,NA
18,30,wo,7,476,0,NA,NA
18,35,wo,6,412,0,NA,NA
18,25,w,5,12,0,316,5
18,35,wo,10,654,0,NA,NA
18,25,w,2,12,0,294,1
18,25,wo,1,464,0,NA,NA
18,25,wo,3,359,0,NA,NA
18,35,wo,4,627,0,NA,NA
18,25,wo,4,536,1,NA,NA
18,35,w,5,25,0,307,0
18,35,w,10,70,0,305,2
18,35,w,2,14,0,338,0
18,35,wo,3,684,0,NA,NA
18,30,wo,8,475,0,NA,NA
18,25,w,7,26,1,353,3
18,30,wo,9,592,0,NA,NA
18,35,wo,7,609,0,NA,NA
18,30,wo,10,627,0,NA,NA
18,25,wo,5,433,0,NA,NA
18,30,w,9,6,0,347,2
18,35,wo,1,696,0,NA,NA
18,25,wo,8,446,2,NA,NA
18,30,w,7,38,0,341,2
18,30,w,6,15,0,311,0
18,35,w,7,12,0,336,4
18,30,wo,1,507,0,NA,NA
18,25,wo,10,435,0,NA,NA
18,30,wo,4,456,0,NA,NA
18,35,wo,2,822,0,NA,NA
18,25,w,3,22,0,325,1
18,30,w,10,14,0,324,2
18,35,w,6,18,0,306,4
18,25,w,9,21,0,254,2
18,25,wo,2,403,0,NA,NA
18,25,wo,7,493,1,NA,NA
18,35,w,9,4,0,340,5
18,30,w,4,38,0,304,2
18,35,wo,9,727,0,NA,NA
18,30,w,5,48,0,301,0
18,25,w,8,23,0,299,0
18,25,w,6,17,0,317,1
18,25,w,1,15,0,323,0
18,25,w,10,31,0,310,2
18,35,wo,5,716,2,NA,NA
18,30,w,1,5,0,268,2
18,35,w,3,14,0,323,2
18,25,w,4,19,0,364,1
18,35,wo,8,699,0,NA,NA
18,25,wo,9,482,0,NA,NA
18,35,w,4,64,0,326,0
18,35,w,8,96,0,268,0
18,30,w,8,7,0,288,2
18,30,wo,3,419,0,NA,NA
18,30,w,2,25,0,309,0
18,30,wo,5,314,0,NA,NA
18,30,w,3,42,0,344,0
18,30,wo,6,551,0,NA,NA
18,25,wo,6,369,0,NA,NA
18,35,w,1,44,0,347,0
24,30,wo,5,483,0,NA,NA
24,25,w,6,13,0,337,1
24,35,w,10,59,0,274,2
24,30,w,1,6,0,331,0
24,35,w,5,22,0,307,0
24,25,w,1,17,0,298,0
24,30,wo,4,487,0,NA,NA
24,30,w,7,24,0,338,0
24,25,wo,5,506,2,NA,NA
24,25,wo,4,378,0,NA,NA
24,35,wo,5,273,0,NA,NA
24,35,wo,6,544,0,NA,NA
24,30,w,8,9,0,329,0
24,25,w,5,7,0,308,0
24,25,wo,2,435,1,NA,NA
24,30,w,9,5,0,332,2
24,25,w,10,31,0,323,1
24,30,wo,2,535,0,NA,NA
24,35,wo,8,457,0,NA,NA
24,35,w,1,43,0,334,0
24,30,wo,1,483,1,NA,NA
24,35,w,7,10,0,308,0
24,35,w,6,7,0,327,1
24,25,wo,1,496,0,NA,NA
24,30,wo,9,332,0,NA,NA
24,25,wo,7,381,1,NA,NA
24,35,wo,2,299,0,NA,NA
24,35,w,8,98,0,274,1
24,35,wo,3,314,0,NA,NA
24,25,wo,10,410,0,NA,NA
24,25,w,4,10,0,305,1
24,35,w,2,8,0,312,1
24,25,w,8,25,0,347,0
24,30,wo,8,487,0,NA,NA
24,30,wo,7,454,2,NA,NA
24,25,wo,8,455,0,NA,NA
24,35,wo,4,202,0,NA,NA
24,25,wo,9,461,0,NA,NA
24,30,w,4,43,0,342,1
24,30,w,10,16,0,296,1
24,25,w,3,13,0,312,2
24,35,wo,1,380,0,NA,NA
24,30,wo,10,524,0,NA,NA
24,25,wo,6,529,1,NA,NA
24,35,w,4,59,0,283,0
24,35,wo,9,490,0,NA,NA
24,25,w,7,23,0,332,0
24,25,wo,3,540,0,NA,NA
24,30,w,6,15,0,319,2
24,30,wo,6,509,0,NA,NA
24,35,wo,7,320,1,NA,NA
24,35,w,9,0,0,368,1
24,30,wo,3,657,0,NA,NA
24,35,w,3,16,0,322,0
24,30,w,5,52,0,335,1
24,35,wo,10,386,0,NA,NA
24,25,w,9,33,0,320,0
24,25,w,2,9,0,298,0
24,30,w,2,31,0,328,2
24,30,w,3,39,0,345,0
30,35,wo,4,683,0,NA,NA
30,35,w,7,6,0,301,2
30,30,w,7,32,0,309,3
30,35,wo,1,773,0,NA,NA
30,25,w,2,13,0,499,2
30,30,wo,10,667,0,NA,NA
30,35,wo,5,605,1,NA,NA
30,25,wo,1,439,0,NA,NA
30,30,wo,2,597,0,NA,NA
30,35,wo,6,486,2,NA,NA
30,35,w,8,73,0,302,2
30,30,wo,3,428,0,NA,NA
30,25,w,4,11,0,286,1
30,25,wo,10,508,1,NA,NA
30,25,wo,7,594,0,NA,NA
30,30,w,8,2,0,264,0
30,25,w,7,30,0,283,3
30,30,w,3,33,0,302,6
30,35,w,5,33,0,337,2
30,30,w,2,14,0,273,0
30,30,wo,4,504,0,NA,NA
30,25,wo,8,451,0,NA,NA
30,30,wo,7,488,0,NA,NA
30,30,w,5,47,1,273,1
30,25,w,9,14,0,346,1
30,35,w,6,3,0,275,3
30,35,w,2,9,0,289,1
30,25,w,8,26,0,289,1
30,30,w,6,20,0,305,3
30,35,w,9,0,0,350,0
30,25,wo,5,448,0,NA,NA
30,35,w,1,26,0,316,1
30,35,w,4,55,0,227,0
30,25,w,10,24,1,283,1
30,30,wo,1,512,1,NA,NA
30,35,wo,9,695,1,NA,NA
30,30,w,10,42,1,315,2
30,25,w,5,3,0,266,7
30,35,wo,7,817,0,NA,NA
30,35,wo,2,836,0,NA,NA
30,30,wo,9,616,0,NA,NA
30,35,wo,8,737,0,NA,NA
30,25,wo,3,419,3,NA,NA
30,25,w,3,22,0,310,0
30,25,w,1,12,0,281,1
30,30,wo,8,480,0,NA,NA
30,35,wo,3,675,0,NA,NA
30,30,w,4,32,1,315,2
30,25,wo,9,468,1,NA,NA
30,35,w,3,14,0,271,4
30,25,wo,2,490,0,NA,NA
30,25,wo,4,596,3,NA,NA
30,30,wo,5,444,0,NA,NA
30,25,w,6,16,0,321,0
30,30,w,1,5,0,242,3
30,30,wo,6,424,0,NA,NA
30,30,w,9,6,0,298,4
30,35,wo,10,765,1,NA,NA
30,25,wo,6,373,0,NA,NA
30,35,w,10,58,0,268,3