hist_temp,competition,rep,sex,indiv_num,weight
25,wo,2,f,1,0.00116
25,wo,2,f,2,0.00123
25,wo,2,f,3,0.00159
25,wo,2,f,4,0.00123
25,wo,2,f,5,0.00132
25,wo,2,m,1,0.0013
25,wo,2,m,2,0.00124
25,wo,2,m,3,0.00128
25,wo,2,m,4,0.00118
25,wo,2,m,5,0.0011
30,wo,1,f,1,0.00135
30,wo,1,f,2,0.00105
30,wo,1,f,3,0.00096
30,wo,1,f,4,0.00099
30,wo,1,f,5,0.00111
30,wo,1,m,1,0.00114
30,wo,1,m,2,0.00131
30,wo,1,m,3,0.00114
30,wo,1,m,4,0.00118
30,wo,1,m,5,0.00107
25,wo,5,f,1,0.00136
25,wo,5,f,2,0.00139
25,wo,5,f,3,0.00116
25,wo,5,f,4,0.00141
25,wo,5,f,5,0.00138
25,wo,5,m,1,0.00118
25,wo,5,m,2,0.00107
25,wo,5,m,3,0.00096
25,wo,5,m,4,0.00112
25,wo,5,m,5,0.00099
35,w,10,f,1,0.00107
35,w,10,f,2,0.00109
35,w,10,f,3,0.0011
35,w,10,f,4,0.00128
35,w,10,f,5,0.00135
35,w,10,m,1,0.00095
35,w,10,m,2,0.0011
35,w,10,m,3,0.00106
35,w,10,m,4,0.00117
35,w,10,m,5,0.00109
30,wo,4,f,1,0.00129
30,wo,4,f,2,0.00119
30,wo,4,f,3,0.00121
30,wo,4,f,4,0.00116
30,wo,4,f,5,0.00118
30,wo,4,m,1,0.0011
30,wo,4,m,2,0.00134
30,wo,4,m,3,0.00132
30,wo,4,m,4,0.00108
30,wo,4,m,5,0.00119
30,w,7,f,1,0.00122
30,w,7,f,2,0.00138
30,w,7,f,3,0.00139
30,w,7,f,4,0.00148
30,w,7,f,5,0.00126
30,w,7,m,1,0.00119
30,w,7,m,2,0.00112
30,w,7,m,3,0.00112
30,w,7,m,4,0.00126
30,w,7,m,5,0.00134
30,wo,5,f,1,0.00142
30,wo,5,f,2,0.00144
30,wo,5,f,3,0.00134
30,wo,5,f,4,0.00115
30,wo,5,f,5,0.0015
30,wo,5,m,1,0.00123
30,wo,5,m,2,0.00098
30,wo,5,m,3,0.00139
30,wo,5,m,4,0.00137
30,wo,5,m,5,0.0014
25,w,6,f,1,0.00145
25,w,6,f,2,0.00104
25,w,6,f,3,0.00136
25,w,6,f,4,0.00128
25,w,6,f,5,0.00127
25,w,6,m,1,0.00093
25,w,6,m,2,0.00091
25,w,6,m,3,0.00093
25,w,6,m,4,0.00105
25,w,6,m,5,0.00117
35,w,6,f,1,0.00115
35,w,6,f,2,0.00113
35,w,6,f,3,0.00116
35,w,6,m,1,0.00091
35,w,6,m,2,0.00121
35,w,6,m,3,0.00103
35,wo,5,f,1,0.00109
35,wo,5,f,2,0.00113
35,wo,5,f,3,0.00109
35,wo,5,f,4,0.00092
35,wo,5,f,5,0.00121
35,wo,5,m,1,0.00111
35,wo,5,m,2,0.00083
35,wo,5,m,3,0.00112
35,wo,5,m,4,0.00088
35,wo,5,m,5,0.00094
25,w,10,f,1,0.00131
25,w,10,f,2,0.00112
25,w,10,f,3,0.00144
25,w,10,f,4,0.00131
25,w,10,f,5,0.00098
25,w,10,m,1,0.00125
25,w,10,m,2,0.00123
25,w,10,m,3,0.00097
25,w,10,m,4,0.00087
25,w,10,m,5,0.00113
35,w,5,f,1,0.00093
35,w,5,f,2,0.00103
35,w,5,f,3,0.00125
35,w,5,f,4,0.00117
35,w,5,f,5,0.00108
35,w,5,m,1,0.00117
35,w,5,m,2,0.0009
35,w,5,m,3,0.00102
35,w,5,m,4,0.00106
35,w,5,m,5,0.0008
30,w,9,f,1,0.00107
30,w,9,f,2,0.00126
30,w,9,f,3,0.00113
30,w,9,f,4,0.00101
30,w,9,m,1,0.00112
25,wo,4,f,1,0.00136
25,wo,4,f,2,0.00115
25,wo,4,f,3,0.00142
25,wo,4,f,4,0.00112
25,wo,4,f,5,0.00133
25,wo,4,m,1,0.00119
25,wo,4,m,2,0.00082
25,wo,4,m,3,0.00115
25,wo,4,m,4,0.00101
25,wo,4,m,5,0.00116
30,w,1,f,1,0.00129
30,w,1,m,1,0.00131
30,w,1,m,2,0.00121
30,w,1,m,3,0.00119
30,w,1,m,4,0.00131
35,w,7,f,1,0.00096
35,w,7,f,2,0.00126
35,w,7,f,3,0.00115
35,w,7,f,4,0.00124
35,w,7,f,5,0.00092
35,w,7,m,1,0.00106
35,w,7,m,2,0.00089
35,w,7,m,3,0.00108
35,w,7,m,4,0.00105
35,w,7,m,5,0.00089
35,wo,4,f,1,0.00099
35,wo,4,f,2,0.00111
35,wo,4,f,3,0.00115
35,wo,4,f,4,0.00101
35,wo,4,f,5,0.0011
35,wo,4,m,1,0.00109
35,wo,4,m,2,0.00107
35,wo,4,m,3,0.00101
35,wo,4,m,4,0.00075
35,wo,4,m,5,0.00119
25,wo,6,f,1,0.00125
25,wo,6,f,2,0.00127
25,wo,6,f,3,0.0013
25,wo,6,f,4,0.00134
25,wo,6,f,5,0.00133
25,wo,6,m,1,0.00133
25,wo,6,m,2,0.00106
25,wo,6,m,3,0.00107
25,wo,6,m,4,0.00133
25,wo,6,m,5,0.00099
25,wo,8,f,1,0.0014
25,wo,8,f,2,0.00123
25,wo,8,f,3,0.00115
25,wo,8,f,4,0.0014
25,wo,8,f,5,0.0015
25,wo,8,m,1,0.0011
25,wo,8,m,2,0.00142
25,wo,8,m,3,0.00118
25,wo,8,m,4,0.00112
25,wo,8,m,5,0.00121
35,w,4,f,1,0.00117
35,w,4,f,2,0.00115
35,w,4,f,3,0.00121
35,w,4,f,4,0.00105
35,w,4,f,5,0.00125
35,w,4,m,1,0.00098
35,w,4,m,2,0.00104
35,w,4,m,3,0.00093
35,w,4,m,4,0.00091
35,w,4,m,5,0.00093
35,w,2,f,1,0.00116
35,w,2,f,2,0.0009
35,w,2,f,3,0.00102
35,w,2,m,1,0.00117
35,w,2,m,2,0.00108
35,w,2,m,3,0.00112
35,w,2,m,4,0.00101
35,w,2,m,5,0.001
30,wo,2,f,1,0.00099
30,wo,2,f,2,0.0013
30,wo,2,f,3,0.00122
30,wo,2,f,4,0.00099
30,wo,2,f,5,0.00112
30,wo,2,m,1,0.00124
30,wo,2,m,2,0.00116
30,wo,2,m,3,0.00137
30,wo,2,m,4,0.00124
30,wo,2,m,5,0.00103
35,wo,6,f,1,0.00102
35,wo,6,f,2,0.00116
35,wo,6,f,3,0.00121
35,wo,6,f,4,0.00111
35,wo,6,f,5,0.00123
35,wo,6,m,1,0.00104
35,wo,6,m,2,0.0012
35,wo,6,m,3,0.00118
35,wo,6,m,4,0.001
35,wo,6,m,5,0.00122
25,w,1,f,1,0.00113
25,w,1,f,2,0.0014
25,w,1,f,3,0.00144
25,w,1,f,4,0.0014
25,w,1,f,5,0.00101
25,w,1,m,1,0.00126
25,w,1,m,2,0.0014
25,w,1,m,3,0.00136
25,w,1,m,4,0.00104
25,w,1,m,5,0.00123
25,wo,9,f,1,0.00122
25,wo,9,f,2,0.00147
25,wo,9,f,3,0.00135
25,wo,9,f,4,0.00137
25,wo,9,f,5,0.00132
25,wo,9,m,1,0.00128
25,wo,9,m,2,0.00141
25,wo,9,m,3,0.00122
25,wo,9,m,4,0.00124
25,wo,9,m,5,0.00111
25,w,4,f,1,0.00123
25,w,4,f,2,0.00123
25,w,4,f,3,0.00135
25,w,4,f,4,0.00114
25,w,4,f,5,0.00083
25,w,4,m,1,0.00099
25,w,4,m,2,0.00101
25,w,4,m,3,0.00122
25,w,4,m,4,0.00125
25,w,4,m,5,0.00104
30,wo,10,f,1,0.00132
30,wo,10,f,2,0.00114
30,wo,10,f,3,0.00145
30,wo,10,f,4,0.00112
30,wo,10,f,5,0.00116
30,wo,10,m,1,0.00117
30,wo,10,m,2,0.00125
30,wo,10,m,3,0.00099
30,wo,10,m,4,0.00115
30,wo,10,m,5,0.00125
35,wo,1,f,1,0.00087
35,wo,1,f,2,0.00101
35,wo,1,f,3,0.00119
35,wo,1,f,4,0.00118
35,wo,1,f,5,0.00115
35,wo,1,m,1,0.00114
35,wo,1,m,2,0.00084
35,wo,1,m,3,0.00106
35,wo,1,m,4,0.0012
35,wo,1,m,5,0.001
35,w,3,f,1,0.00114
35,w,3,f,2,0.00112
35,w,3,f,3,0.00118
35,w,3,f,4,0.00127
35,w,3,f,5,0.00122
35,w,3,m,1,0.00118
35,w,3,m,2,0.00108
35,w,3,m,3,0.00109
35,w,3,m,4,0.00105
35,w,3,m,5,0.00107
35,wo,10,f,1,0.00108
35,wo,10,f,2,0.00116
35,wo,10,f,3,0.00106
35,wo,10,f,4,0.00117
35,wo,10,f,5,0.00094
35,wo,10,m,1,0.00104
35,wo,10,m,2,0.00101
35,wo,10,m,3,0.00105
35,wo,10,m,4,0.00099
35,wo,10,m,5,0.0011
25,w,9,f,1,0.00142
25,w,9,f,2,0.00127
25,w,9,f,3,0.00133
25,w,9,f,4,0.00136
25,w,9,f,5,0.00116
25,w,9,m,1,0.00102
25,w,9,m,2,0.00109
25,w,9,m,3,0.00127
25,w,9,m,4,0.00132
25,w,9,m,5,0.0012
30,w,2,f,1,0.00109
30,w,2,f,2,0.00127
30,w,2,f,3,0.00115
30,w,2,f,4,0.00124
30,w,2,f,5,0.001
30,w,2,m,1,0.00106
30,w,2,m,2,0.00099
30,w,2,m,3,0.00118
30,w,2,m,4,0.00084
30,w,2,m,5,0.00105
35,w,8,f,1,0.00115
35,w,8,f,2,0.0011
35,w,8,f,3,0.00123
35,w,8,f,4,0.00094
35,w,8,f,5,0.00124
35,w,8,m,1,0.00094
35,w,8,m,2,0.00111
35,w,8,m,3,0.00097
35,w,8,m,4,0.00112
35,w,8,m,5,0.00089
30,w,10,f,1,0.00123
30,w,10,f,2,0.0012
30,w,10,f,3,0.00138
30,w,10,f,4,0.00124
30,w,10,f,5,0.00134
30,w,10,m,1,0.00119
30,w,10,m,2,0.00123
30,w,10,m,3,0.00101
30,w,10,m,4,0.00107
30,w,10,m,5,0.00112
30,wo,7,f,1,0.00087
30,wo,7,f,2,0.00115
30,wo,7,f,3,0.00117
30,wo,7,f,4,0.00129
30,wo,7,f,5,0.00126
30,wo,7,m,1,0.00095
30,wo,7,m,2,0.00115
30,wo,7,m,3,0.00123
30,wo,7,m,4,0.00099
30,wo,7,m,5,0.00124
25,wo,10,f,1,0.00116
25,wo,10,f,2,0.00135
25,wo,10,f,3,0.00111
25,wo,10,f,4,0.00117
25,wo,10,f,5,0.00101
25,wo,10,m,1,0.00093
25,wo,10,m,2,0.00134
25,wo,10,m,3,0.00138
25,wo,10,m,4,0.00117
25,wo,10,m,5,0.00117
25,w,8,f,1,0.00114
25,w,8,f,2,0.00126
25,w,8,f,3,0.00164
25,w,8,f,4,0.00136
25,w,8,f,5,0.00126
25,w,8,m,1,0.00126
25,w,8,m,2,0.00125
25,w,8,m,3,0.00135
25,w,8,m,4,0.00129
25,w,8,m,5,0.00117
30,wo,8,f,1,0.00133
30,wo,8,f,2,0.00147
30,wo,8,f,3,0.00118
30,wo,8,f,4,0.00135
30,wo,8,f,5,0.00131
30,wo,8,m,1,0.00126
30,wo,8,m,2,0.00121
30,wo,8,m,3,0.00106
30,wo,8,m,4,0.00119
30,wo,8,m,5,0.00119
25,wo,1,f,1,0.00132
25,wo,1,f,2,0.00138
25,wo,1,f,3,0.00135
25,wo,1,f,4,0.00139
25,wo,1,f,5,0.00116
25,wo,1,m,1,0.00119
25,wo,1,m,2,0.00113
25,wo,1,m,3,0.0011
25,wo,1,m,4,0.00134
25,wo,1,m,5,0.00131
30,w,4,f,1,0.00112
30,w,4,f,2,0.00121
30,w,4,f,3,0.00122
30,w,4,f,4,0.00132
30,w,4,f,5,0.00117
30,w,4,m,1,0.00111
30,w,4,m,2,0.00111
30,w,4,m,3,0.00104
30,w,4,m,4,0.0012
30,w,4,m,5,0.00116
30,wo,9,f,1,0.00121
30,wo,9,f,2,0.00116
30,wo,9,f,3,0.0013
30,wo,9,f,4,0.00121
30,wo,9,f,5,0.00131
30,wo,9,m,1,0.00111
30,wo,9,m,2,0.00122
30,wo,9,m,3,0.00135
30,wo,9,m,4,0.00125
30,wo,9,m,5,0.00115
25,wo,7,f,1,0.0012
25,wo,7,f,2,0.00105
25,wo,7,f,3,0.00136
25,wo,7,f,4,0.00128
25,wo,7,f,5,0.00134
25,wo,7,m,1,0.00102
25,wo,7,m,2,0.00128
25,wo,7,m,3,0.00121
25,wo,7,m,4,0.0013
25,wo,7,m,5,0.00094
25,w,5,f,1,0.00101
25,w,5,f,2,0.00131
25,w,5,f,3,0.0013
25,w,5,f,4,0.00144
25,w,5,m,1,0.00106
25,w,5,m,2,0.00112
25,w,5,m,3,0.00114
30,w,8,f,1,0.00092
30,w,8,f,2,0.00127
30,w,8,f,3,0.00115
30,w,8,f,4,0.00117
30,w,8,m,1,0.00106
30,w,8,m,2,0.00107
30,w,8,m,3,0.00137
30,w,8,m,4,0.00121
30,w,8,m,5,0.00122
35,w,1,f,1,0.00141
35,w,1,f,2,0.00128
35,w,1,f,3,0.00133
35,w,1,f,4,0.00115
35,w,1,f,5,0.00114
35,w,1,m,1,0.00106
35,w,1,m,2,0.00135
35,w,1,m,3,0.00105
35,w,1,m,4,0.00111
35,w,1,m,5,0.00123
35,wo,8,f,1,0.00108
35,wo,8,f,2,0.00111
35,wo,8,f,3,0.00119
35,wo,8,f,4,0.00089
35,wo,8,f,5,0.00105
35,wo,8,m,1,0.00118
35,wo,8,m,2,0.00107
35,wo,8,m,3,0.00098
35,wo,8,m,4,0.00092
35,wo,8,m,5,0.00114
35,wo,2,f,1,0.00107
35,wo,2,f,2,0.00134
35,wo,2,f,3,0.00098
35,wo,2,f,4,0.00113
35,wo,2,f,5,0.00111
35,wo,2,m,1,0.00125
35,wo,2,m,2,0.00103
35,wo,2,m,3,0.0011
35,wo,2,m,4,0.00098
35,wo,2,m,5,0.00118
35,wo,3,f,1,0.00125
35,wo,3,f,2,0.0011
35,wo,3,f,3,0.00097
35,wo,3,f,4,0.00117
35,wo,3,f,5,0.00106
35,wo,3,m,1,0.00094
35,wo,3,m,2,0.00101
35,wo,3,m,3,0.0011
35,wo,3,m,4,0.00096
35,wo,3,m,5,0.00092
25,w,7,f,1,0.00107
25,w,7,f,2,0.00136
25,w,7,f,3,0.00114
25,w,7,f,4,0.0013
25,w,7,f,5,0.00116
25,w,7,m,1,0.00115
25,w,7,m,2,0.00096
25,w,7,m,3,0.00118
25,w,7,m,4,0.00118
25,w,7,m,5,0.00108
25,wo,3,f,1,0.00142
25,wo,3,f,2,0.00127
25,wo,3,f,3,0.00118
25,wo,3,f,4,0.00129
25,wo,3,f,5,0.00121
25,wo,3,m,1,0.00112
25,wo,3,m,2,0.00129
25,wo,3,m,3,0.00108
25,wo,3,m,4,0.00097
25,wo,3,m,5,0.0012
30,w,6,f,1,0.00091
30,w,6,f,2,0.00128
30,w,6,f,3,0.00097
30,w,6,f,4,0.0012
30,w,6,f,5,0.00133
30,w,6,m,1,0.00083
30,w,6,m,2,0.00084
30,w,6,m,3,0.00124
30,w,6,m,4,0.0009
30,w,6,m,5,0.00117
35,wo,9,f,1,0.00104
35,wo,9,f,2,0.0012
35,wo,9,f,3,0.00119
35,wo,9,f,4,0.00131
35,wo,9,f,5,0.00126
35,wo,9,m,1,0.00121
35,wo,9,m,2,0.00132
35,wo,9,m,3,0.00105
35,wo,9,m,4,0.00122
35,wo,9,m,5,0.00112
35,wo,7,f,1,0.00119
35,wo,7,f,2,0.00126
35,wo,7,f,3,0.00122
35,wo,7,f,4,0.00139
35,wo,7,f,5,0.00127
35,wo,7,m,1,0.00106
35,wo,7,m,2,0.00102
35,wo,7,m,3,0.00098
35,wo,7,m,4,0.00123
35,wo,7,m,5,0.00123
30,wo,3,f,1,0.00135
30,wo,3,f,2,0.00118
30,wo,3,f,3,0.00091
30,wo,3,f,4,0.00106
30,wo,3,f,5,0.00131
30,wo,3,m,1,0.00097
30,wo,3,m,2,0.00113
30,wo,3,m,3,0.00086
30,wo,3,m,4,0.00096
30,wo,3,m,5,0.00125
30,w,3,f,1,0.00112
30,w,3,f,2,0.00098
30,w,3,f,3,0.00129
30,w,3,f,4,0.00101
30,w,3,f,5,0.00134
30,w,3,m,1,0.00111
30,w,3,m,2,0.00131
30,w,3,m,3,0.00125
30,w,3,m,4,0.0013
30,w,3,m,5,0.00115
25,w,2,f,1,0.00137
25,w,2,f,2,0.00132
25,w,2,f,3,0.00149
25,w,2,f,4,0.00147
25,w,2,f,5,0.0011
25,w,2,m,1,0.0013
25,w,2,m,2,0.00132
25,w,2,m,3,0.0013
25,w,3,f,1,0.00152
25,w,3,f,2,0.00107
25,w,3,f,3,0.00125
25,w,3,f,4,0.00134
25,w,3,m,1,0.00088
25,w,3,m,2,0.00133
25,w,3,m,3,0.00131
25,w,3,m,4,0.00126
25,w,3,m,5,0.00123
30,wo,6,f,1,0.0033
30,wo,6,f,2,0.00126
30,wo,6,f,3,0.00136
30,wo,6,f,4,0.00131
30,wo,6,f,5,0.00124
30,wo,6,m,1,0.00124
30,wo,6,m,2,0.00114
30,wo,6,m,3,0.00111
30,wo,6,m,4,0.00113
30,wo,6,m,5,0.00107
30,w,5,f,1,0.00126
30,w,5,f,2,0.00132
30,w,5,f,3,0.00129
30,w,5,f,4,0.00104
30,w,5,f,5,0.001
30,w,5,m,1,0.00105
30,w,5,m,2,0.00117
30,w,5,m,3,0.00113
30,w,5,m,4,0.00108
30,w,5,m,5,0.00139