year,temp,rep,indiv_num,sex,weightinmg
2021,founder,NA,1,female,1.297
2021,founder,NA,2,female,1.533
2021,founder,NA,3,female,1.285
2021,founder,NA,4,female,1.475
2021,founder,NA,5,female,1.31
2021,founder,NA,6,female,1.459
2021,founder,NA,7,female,1.295
2021,founder,NA,8,female,1.303
2021,founder,NA,9,female,1.524
2021,founder,NA,10,female,1.797
2021,founder,NA,1,male,1.307
2021,founder,NA,2,male,0.944
2021,founder,NA,3,male,1.783
2021,founder,NA,4,male,1.203
2021,founder,NA,5,male,1.416
2021,founder,NA,6,male,1.22
2021,founder,NA,7,male,1.096
2021,founder,NA,8,male,0.97
2021,founder,NA,9,male,1.29
2021,founder,NA,10,male,1.591
2022,25,2,1,female,1.404
2022,25,2,2,female,1.584
2022,25,2,3,female,1.523
2022,25,2,4,female,1.477
2022,25,2,5,female,1.692
2022,25,2,1,male,1.17
2022,25,2,2,male,1.435
2022,25,2,3,male,1.391
2022,25,2,4,male,1.393
2022,25,2,5,male,1.314
2022,25,3,1,female,1.309
2022,25,3,2,female,1.22
2022,25,3,3,female,1.408
2022,25,3,4,female,1.054
2022,25,3,5,female,1.359
2022,25,3,1,male,0.875
2022,25,3,2,male,1.123
2022,25,3,3,male,1.353
2022,25,3,4,male,1.761
2022,25,3,5,male,1.209
2022,25,6,1,female,1.44
2022,25,6,2,female,1.495
2022,25,6,3,female,1.329
2022,25,6,4,female,1.365
2022,25,6,5,female,1.601
2022,25,6,1,male,1.107
2022,25,6,2,male,1.068
2022,25,6,3,male,1.457
2022,25,6,4,male,1.456
2022,25,6,5,male,1.39
2022,25,9,1,female,1.102
2022,25,9,2,female,0.732
2022,25,9,3,female,1.133
2022,25,9,4,female,1.374
2022,25,9,5,female,1.443
2022,25,9,1,male,1.245
2022,25,9,2,male,1.128
2022,25,9,3,male,1.272
2022,25,9,4,male,1.555
2022,25,9,5,male,1.287
2022,25,10,1,female,1.465
2022,25,10,2,female,1.394
2022,25,10,3,female,1.413
2022,25,10,4,female,1.409
2022,25,10,5,female,1.348
2022,25,10,1,male,1.254
2022,25,10,2,male,1.211
2022,25,10,3,male,1.571
2022,25,10,4,male,1.325
2022,25,10,5,male,1.476
2022,25,12,1,female,1.36
2022,25,12,2,female,1.377
2022,25,12,3,female,1.359
2022,25,12,4,female,1.496
2022,25,12,5,female,1.253
2022,25,12,1,male,1.246
2022,25,12,2,male,1.469
2022,25,12,3,male,1.249
2022,25,12,4,male,1.245
2022,25,12,5,male,1.494
2022,30,2,1,female,1.382
2022,30,2,2,female,1.273
2022,30,2,3,female,1.82
2022,30,2,4,female,1.711
2022,30,2,5,female,1.354
2022,30,2,1,male,1.389
2022,30,2,2,male,1.312
2022,30,2,3,male,1.295
2022,30,2,4,male,1.068
2022,30,2,5,male,1.224
2022,30,3,1,female,1.324
2022,30,3,2,female,1.038
2022,30,3,3,female,1.402
2022,30,3,4,female,1.442
2022,30,3,5,female,1.179
2022,30,3,1,male,1.523
2022,30,3,2,male,1.096
2022,30,3,3,male,1.202
2022,30,3,4,male,1.466
2022,30,3,5,male,1.363
2022,30,6,1,female,1.181
2022,30,6,2,female,1.448
2022,30,6,3,female,1.423
2022,30,6,4,female,1.22
2022,30,6,5,female,1.799
2022,30,6,1,male,1.284
2022,30,6,2,male,1.345
2022,30,6,3,male,1.101
2022,30,6,4,male,0.89
2022,30,6,5,male,0.93
2022,30,9,1,female,1.603
2022,30,9,2,female,1.341
2022,30,9,3,female,1.438
2022,30,9,4,female,1.223
2022,30,9,5,female,1.373
2022,30,9,1,male,1.008
2022,30,9,2,male,1.51
2022,30,9,3,male,1.349
2022,30,9,4,male,1.432
2022,30,9,5,male,1.236
2022,30,10,1,female,1.564
2022,30,10,2,female,1.05
2022,30,10,3,female,1.438
2022,30,10,4,female,1.363
2022,30,10,5,female,1.258
2022,30,10,1,male,1.426
2022,30,10,2,male,0.996
2022,30,10,3,male,1.135
2022,30,10,4,male,1.342
2022,30,10,5,male,1.431
2022,30,12,1,female,1.276
2022,30,12,2,female,1.467
2022,30,12,3,female,1.148
2022,30,12,4,female,1.564
2022,30,12,5,female,1.385
2022,30,12,1,male,1.231
2022,30,12,2,male,1.605
2022,30,12,3,male,1.342
2022,30,12,4,male,1.105
2022,30,12,5,male,1.378
2022,35,2,1,female,1.47
2022,35,2,2,female,1.583
2022,35,2,3,female,1.455
2022,35,2,4,female,1.17
2022,35,2,5,female,1.259
2022,35,2,1,male,1.045
2022,35,2,2,male,1.313
2022,35,2,3,male,0.965
2022,35,2,4,male,1.256
2022,35,2,5,male,1.811
2022,35,3,1,female,1.285
2022,35,3,2,female,1.116
2022,35,3,3,female,1.207
2022,35,3,4,female,0.952
2022,35,3,5,female,1.141
2022,35,3,1,male,1.034
2022,35,3,2,male,1.65
2022,35,3,3,male,1.264
2022,35,3,4,male,0.887
2022,35,3,5,male,1.255
2022,35,6,1,female,1.234
2022,35,6,2,female,1.079
2022,35,6,3,female,1.371
2022,35,6,4,female,1.342
2022,35,6,5,female,1.172
2022,35,6,1,male,1.157
2022,35,6,2,male,1.095
2022,35,6,3,male,1.494
2022,35,6,4,male,1.284
2022,35,6,5,male,1.15
2022,35,9,1,female,1.142
2022,35,9,2,female,1.133
2022,35,9,3,female,1.228
2022,35,9,4,female,1.087
2022,35,9,5,female,1.496
2022,35,9,1,male,1.296
2022,35,9,2,male,1.134
2022,35,9,3,male,1.299
2022,35,9,4,male,1.261
2022,35,9,5,male,1.371
2022,35,10,1,female,0.986
2022,35,10,2,female,1.083
2022,35,10,3,female,1.503
2022,35,10,4,female,1.303
2022,35,10,5,female,1.304
2022,35,10,1,male,1.188
2022,35,10,2,male,1.284
2022,35,10,3,male,1.459
2022,35,10,4,male,1.15
2022,35,10,5,male,1.477
2022,35,12,1,female,1.367
2022,35,12,2,female,1.139
2022,35,12,3,female,1.162
2022,35,12,4,female,1.414
2022,35,12,5,female,1.26
2022,35,12,1,male,1.243
2022,35,12,2,male,1.078
2022,35,12,3,male,1.281
2022,35,12,4,male,1.157
2022,35,12,5,male,1.273
2023,25,2,1,female,1.305
2023,25,2,2,female,1.306
2023,25,2,3,female,1.145
2023,25,2,4,female,1.388
2023,25,2,5,female,1.269
2023,25,2,1,male,1.142
2023,25,2,2,male,1.208
2023,25,2,3,male,1.167
2023,25,2,4,male,1.541
2023,25,2,5,male,1.123
2023,25,3,1,female,1.486
2023,25,3,2,female,1.453
2023,25,3,3,female,1.396
2023,25,3,4,female,1.604
2023,25,3,5,female,1.46
2023,25,3,1,male,1.505
2023,25,3,2,male,1.186
2023,25,3,3,male,1.419
2023,25,3,4,male,1.376
2023,25,3,5,male,0.97
2023,25,6,1,female,1.16
2023,25,6,2,female,1.17
2023,25,6,3,female,0.943
2023,25,6,4,female,1.376
2023,25,6,5,female,1.356
2023,25,6,1,male,1.357
2023,25,6,2,male,0.972
2023,25,6,3,male,1.229
2023,25,6,4,male,1.406
2023,25,6,5,male,1.348
2023,25,9,1,female,1.393
2023,25,9,2,female,1.106
2023,25,9,3,female,1.295
2023,25,9,4,female,1.187
2023,25,9,5,female,1.377
2023,25,9,1,male,1.326
2023,25,9,2,male,1.297
2023,25,9,3,male,1.2
2023,25,9,4,male,1.187
2023,25,9,5,male,1.207
2023,25,10,1,female,1.233
2023,25,10,2,female,1.281
2023,25,10,3,female,1.232
2023,25,10,4,female,0.953
2023,25,10,5,female,1.045
2023,25,10,1,male,1.188
2023,25,10,2,male,1.568
2023,25,10,3,male,1.19
2023,25,10,4,male,1.268
2023,25,10,5,male,NA
2023,25,12,1,female,1.522
2023,25,12,2,female,1.391
2023,25,12,3,female,1.313
2023,25,12,4,female,1.386
2023,25,12,5,female,1.464
2023,25,12,1,male,1.386
2023,25,12,2,male,0.987
2023,25,12,3,male,1.116
2023,25,12,4,male,1.361
2023,25,12,5,male,0.989
2023,30,2,1,female,1.234
2023,30,2,2,female,1.047
2023,30,2,3,female,1.122
2023,30,2,4,female,1.237
2023,30,2,5,female,1.315
2023,30,2,1,male,1.159
2023,30,2,2,male,1.09
2023,30,2,3,male,1.371
2023,30,2,4,male,1.044
2023,30,2,5,male,1.204
2023,30,3,1,female,1.347
2023,30,3,2,female,1.368
2023,30,3,3,female,0.944
2023,30,3,4,female,1.167
2023,30,3,5,female,1.15
2023,30,3,1,male,1.181
2023,30,3,2,male,1.212
2023,30,3,3,male,1.195
2023,30,3,4,male,1.565
2023,30,3,5,male,NA
2023,30,6,1,female,0.948
2023,30,6,2,female,1.387
2023,30,6,3,female,1.282
2023,30,6,4,female,1.365
2023,30,6,5,female,1.272
2023,30,6,1,male,1.41
2023,30,6,2,male,1.215
2023,30,6,3,male,0.983
2023,30,6,4,male,1.277
2023,30,6,5,male,1.228
2023,30,9,1,female,1.164
2023,30,9,2,female,1.334
2023,30,9,3,female,1.427
2023,30,9,4,female,1.121
2023,30,9,5,female,1.204
2023,30,9,1,male,1.322
2023,30,9,2,male,1.146
2023,30,9,3,male,1.038
2023,30,9,4,male,1.257
2023,30,9,5,male,1.238
2023,30,10,1,female,1.248
2023,30,10,2,female,1.088
2023,30,10,3,female,1.269
2023,30,10,4,female,1.161
2023,30,10,5,female,1.086
2023,30,10,1,male,1.211
2023,30,10,2,male,1.308
2023,30,10,3,male,1.282
2023,30,10,4,male,1.172
2023,30,10,5,male,1.378
2023,30,12,1,female,1.022
2023,30,12,2,female,1.105
2023,30,12,3,female,1.04
2023,30,12,4,female,1.122
2023,30,12,5,female,1.11
2023,30,12,1,male,0.948
2023,30,12,2,male,0.97
2023,30,12,3,male,1.331
2023,30,12,4,male,1.088
2023,30,12,5,male,1.25
2023,35,2,1,female,0.739
2023,35,2,2,female,1.008
2023,35,2,3,female,0.912
2023,35,2,4,female,1.275
2023,35,2,5,female,0.858
2023,35,2,1,male,0.901
2023,35,2,2,male,1.138
2023,35,2,3,male,0.861
2023,35,2,4,male,0.716
2023,35,2,5,male,0.854
2023,35,3,1,female,0.933
2023,35,3,2,female,1.111
2023,35,3,3,female,1.188
2023,35,3,4,female,1.043
2023,35,3,5,female,1.223
2023,35,3,1,male,0.976
2023,35,3,2,male,1.259
2023,35,3,3,male,1.398
2023,35,3,4,male,1.049
2023,35,3,5,male,0.808
2023,35,6,1,female,1.029
2023,35,6,2,female,1.141
2023,35,6,3,female,1.109
2023,35,6,4,female,1.07
2023,35,6,5,female,1.142
2023,35,6,1,male,1.198
2023,35,6,2,male,1.41
2023,35,6,3,male,0.999
2023,35,6,4,male,1.001
2023,35,6,5,male,0.813
2023,35,9,1,female,1.429
2023,35,9,2,female,1.253
2023,35,9,3,female,1.283
2023,35,9,4,female,1.42
2023,35,9,5,female,1.461
2023,35,9,1,male,1.274
2023,35,9,2,male,1.334
2023,35,9,3,male,1.14
2023,35,9,4,male,1.195
2023,35,9,5,male,1.276
2023,35,10,1,female,1.204
2023,35,10,2,female,1.053
2023,35,10,3,female,1.086
2023,35,10,4,female,1.228
2023,35,10,5,female,1.29
2023,35,10,1,male,0.996
2023,35,10,2,male,1.059
2023,35,10,3,male,1.183
2023,35,10,4,male,1.1
2023,35,10,5,male,1.162
2023,35,12,1,female,0.88
2023,35,12,2,female,1.113
2023,35,12,3,female,0.996
2023,35,12,4,female,1.057
2023,35,12,5,female,1.166
2023,35,12,1,male,1.01
2023,35,12,2,male,1.092
2023,35,12,3,male,1.11
2023,35,12,4,male,1.105
2023,35,12,5,male,1.115
2025,25,1,1,female,1.32
2025,25,1,2,female,1.38
2025,25,1,3,female,1.35
2025,25,1,4,female,1.39
2025,25,1,5,female,1.16
2025,25,1,1,male,1.19
2025,25,1,2,male,1.13
2025,25,1,3,male,1.1
2025,25,1,4,male,1.34
2025,25,1,5,male,1.31
2025,25,2,1,female,1.16
2025,25,2,2,female,1.23
2025,25,2,3,female,1.59
2025,25,2,4,female,1.23
2025,25,2,5,female,1.32
2025,25,2,1,male,1.3
2025,25,2,2,male,1.24
2025,25,2,3,male,1.28
2025,25,2,4,male,1.18
2025,25,2,5,male,1.1
2025,25,3,1,female,1.42
2025,25,3,2,female,1.27
2025,25,3,3,female,1.18
2025,25,3,4,female,1.29
2025,25,3,5,female,1.21
2025,25,3,1,male,1.12
2025,25,3,2,male,1.29
2025,25,3,3,male,1.08
2025,25,3,4,male,0.97
2025,25,3,5,male,1.2
2025,25,4,1,female,1.36
2025,25,4,2,female,1.15
2025,25,4,3,female,1.42
2025,25,4,4,female,1.12
2025,25,4,5,female,1.33
2025,25,4,1,male,1.19
2025,25,4,2,male,0.82
2025,25,4,3,male,1.15
2025,25,4,4,male,1.01
2025,25,4,5,male,1.16
2025,25,5,1,female,1.36
2025,25,5,2,female,1.39
2025,25,5,3,female,1.16
2025,25,5,4,female,1.41
2025,25,5,5,female,1.38
2025,25,5,1,male,1.18
2025,25,5,2,male,1.07
2025,25,5,3,male,0.96
2025,25,5,4,male,1.12
2025,25,5,5,male,0.99
2025,25,6,1,female,1.25
2025,25,6,2,female,1.27
2025,25,6,3,female,1.3
2025,25,6,4,female,1.34
2025,25,6,5,female,1.33
2025,25,6,1,male,1.33
2025,25,6,2,male,1.06
2025,25,6,3,male,1.07
2025,25,6,4,male,1.33
2025,25,6,5,male,0.99
2025,25,7,1,female,1.2
2025,25,7,2,female,1.05
2025,25,7,3,female,1.36
2025,25,7,4,female,1.28
2025,25,7,5,female,1.34
2025,25,7,1,male,1.02
2025,25,7,2,male,1.28
2025,25,7,3,male,1.21
2025,25,7,4,male,1.3
2025,25,7,5,male,0.94
2025,25,8,1,female,1.4
2025,25,8,2,female,1.23
2025,25,8,3,female,1.15
2025,25,8,4,female,1.4
2025,25,8,5,female,1.5
2025,25,8,1,male,1.1
2025,25,8,2,male,1.42
2025,25,8,3,male,1.18
2025,25,8,4,male,1.12
2025,25,8,5,male,1.21
2025,25,9,1,female,1.22
2025,25,9,2,female,1.47
2025,25,9,3,female,1.35
2025,25,9,4,female,1.37
2025,25,9,5,female,1.32
2025,25,9,1,male,1.28
2025,25,9,2,male,1.41
2025,25,9,3,male,1.22
2025,25,9,4,male,1.24
2025,25,9,5,male,1.11
2025,25,10,1,female,1.16
2025,25,10,2,female,1.35
2025,25,10,3,female,1.11
2025,25,10,4,female,1.17
2025,25,10,5,female,1.01
2025,25,10,1,male,0.93
2025,25,10,2,male,1.34
2025,25,10,3,male,1.38
2025,25,10,4,male,1.17
2025,25,10,5,male,1.17
2025,30,1,1,female,1.35
2025,30,1,2,female,1.05
2025,30,1,3,female,0.96
2025,30,1,4,female,0.99
2025,30,1,5,female,1.11
2025,30,1,1,male,1.14
2025,30,1,2,male,1.31
2025,30,1,3,male,1.14
2025,30,1,4,male,1.18
2025,30,1,5,male,1.07
2025,30,2,1,female,0.99
2025,30,2,2,female,1.3
2025,30,2,3,female,1.22
2025,30,2,4,female,0.99
2025,30,2,5,female,1.12
2025,30,2,1,male,1.24
2025,30,2,2,male,1.16
2025,30,2,3,male,1.37
2025,30,2,4,male,1.24
2025,30,2,5,male,1.03
2025,30,3,1,female,1.35
2025,30,3,2,female,1.18
2025,30,3,3,female,0.91
2025,30,3,4,female,1.06
2025,30,3,5,female,1.31
2025,30,3,1,male,0.97
2025,30,3,2,male,1.13
2025,30,3,3,male,0.86
2025,30,3,4,male,0.96
2025,30,3,5,male,1.25
2025,30,4,1,female,1.29
2025,30,4,2,female,1.19
2025,30,4,3,female,1.21
2025,30,4,4,female,1.16
2025,30,4,5,female,1.18
2025,30,4,1,male,1.1
2025,30,4,2,male,1.34
2025,30,4,3,male,1.32
2025,30,4,4,male,1.08
2025,30,4,5,male,1.19
2025,30,5,1,female,1.42
2025,30,5,2,female,1.44
2025,30,5,3,female,1.34
2025,30,5,4,female,1.15
2025,30,5,5,female,1.5
2025,30,5,1,male,1.23
2025,30,5,2,male,0.98
2025,30,5,3,male,1.39
2025,30,5,4,male,1.37
2025,30,5,5,male,1.4
2025,30,6,1,female,NA
2025,30,6,2,female,1.26
2025,30,6,3,female,1.36
2025,30,6,4,female,1.31
2025,30,6,5,female,1.24
2025,30,6,1,male,1.24
2025,30,6,2,male,1.14
2025,30,6,3,male,1.11
2025,30,6,4,male,1.13
2025,30,6,5,male,1.07
2025,30,7,1,female,0.87
2025,30,7,2,female,1.15
2025,30,7,3,female,1.17
2025,30,7,4,female,1.29
2025,30,7,5,female,1.26
2025,30,7,1,male,0.95
2025,30,7,2,male,1.15
2025,30,7,3,male,1.23
2025,30,7,4,male,0.99
2025,30,7,5,male,1.24
2025,30,8,1,female,1.33
2025,30,8,2,female,1.47
2025,30,8,3,female,1.18
2025,30,8,4,female,1.35
2025,30,8,5,female,1.31
2025,30,8,1,male,1.26
2025,30,8,2,male,1.21
2025,30,8,3,male,1.06
2025,30,8,4,male,1.19
2025,30,8,5,male,1.19
2025,30,9,1,female,1.21
2025,30,9,2,female,1.16
2025,30,9,3,female,1.3
2025,30,9,4,female,1.21
2025,30,9,5,female,1.31
2025,30,9,1,male,1.11
2025,30,9,2,male,1.22
2025,30,9,3,male,1.35
2025,30,9,4,male,1.25
2025,30,9,5,male,1.15
2025,30,10,1,female,1.32
2025,30,10,2,female,1.14
2025,30,10,3,female,1.45
2025,30,10,4,female,1.12
2025,30,10,5,female,1.16
2025,30,10,1,male,1.17
2025,30,10,2,male,1.25
2025,30,10,3,male,0.99
2025,30,10,4,male,1.15
2025,30,10,5,male,1.25
2025,35,1,1,female,0.87
2025,35,1,2,female,1.01
2025,35,1,3,female,1.19
2025,35,1,4,female,1.18
2025,35,1,5,female,1.15
2025,35,1,1,male,1.14
2025,35,1,2,male,0.84
2025,35,1,3,male,1.06
2025,35,1,4,male,1.2
2025,35,1,5,male,1
2025,35,2,1,female,1.07
2025,35,2,2,female,1.34
2025,35,2,3,female,0.98
2025,35,2,4,female,1.13
2025,35,2,5,female,1.11
2025,35,2,1,male,1.25
2025,35,2,2,male,1.03
2025,35,2,3,male,1.1
2025,35,2,4,male,0.98
2025,35,2,5,male,1.18
2025,35,3,1,female,1.25
2025,35,3,2,female,1.1
2025,35,3,3,female,0.97
2025,35,3,4,female,1.17
2025,35,3,5,female,1.06
2025,35,3,1,male,0.94
2025,35,3,2,male,1.01
2025,35,3,3,male,1.1
2025,35,3,4,male,0.96
2025,35,3,5,male,0.92
2025,35,4,1,female,0.99
2025,35,4,2,female,1.11
2025,35,4,3,female,1.15
2025,35,4,4,female,1.01
2025,35,4,5,female,1.1
2025,35,4,1,male,1.09
2025,35,4,2,male,1.07
2025,35,4,3,male,1.01
2025,35,4,4,male,0.75
2025,35,4,5,male,1.19
2025,35,5,1,female,1.09
2025,35,5,2,female,1.13
2025,35,5,3,female,1.09
2025,35,5,4,female,0.92
2025,35,5,5,female,1.21
2025,35,5,1,male,1.11
2025,35,5,2,male,0.83
2025,35,5,3,male,1.12
2025,35,5,4,male,0.88
2025,35,5,5,male,0.94
2025,35,6,1,female,1.02
2025,35,6,2,female,1.16
2025,35,6,3,female,1.21
2025,35,6,4,female,1.11
2025,35,6,5,female,1.23
2025,35,6,1,male,1.04
2025,35,6,2,male,1.2
2025,35,6,3,male,1.18
2025,35,6,4,male,1
2025,35,6,5,male,1.22
2025,35,7,1,female,1.19
2025,35,7,2,female,1.26
2025,35,7,3,female,1.22
2025,35,7,4,female,1.39
2025,35,7,5,female,1.27
2025,35,7,1,male,1.06
2025,35,7,2,male,1.02
2025,35,7,3,male,0.98
2025,35,7,4,male,1.23
2025,35,7,5,male,1.23
2025,35,8,1,female,1.08
2025,35,8,2,female,1.11
2025,35,8,3,female,1.19
2025,35,8,4,female,0.89
2025,35,8,5,female,1.05
2025,35,8,1,male,1.18
2025,35,8,2,male,1.07
2025,35,8,3,male,0.98
2025,35,8,4,male,0.92
2025,35,8,5,male,1.14
2025,35,9,1,female,1.04
2025,35,9,2,female,1.2
2025,35,9,3,female,1.19
2025,35,9,4,female,1.31
2025,35,9,5,female,1.26
2025,35,9,1,male,1.21
2025,35,9,2,male,1.32
2025,35,9,3,male,1.05
2025,35,9,4,male,1.22
2025,35,9,5,male,1.12
2025,35,10,1,female,1.08
2025,35,10,2,female,1.16
2025,35,10,3,female,1.06
2025,35,10,4,female,1.17
2025,35,10,5,female,0.94
2025,35,10,1,male,1.04
2025,35,10,2,male,1.01
2025,35,10,3,male,1.05
2025,35,10,4,male,0.99
2025,35,10,5,male,1.1
