hist_temp,indiv_num,sex,weight
25,1,m,0.00129
25,2,m,0.00126
25,3,m,0.00116
25,4,m,0.00111
25,5,m,0.0013
25,6,m,0.00122
25,7,m,0.00136
25,8,m,0.00104
25,9,m,0.00123
25,10,m,0.0016
25,1,f,0.00113
25,2,f,0.00145
25,3,f,0.00104
25,4,f,0.00127
25,5,f,0.00115
25,6,f,0.00138
25,7,f,0.0012
25,8,f,0.00155
25,9,f,0.00151
25,10,f,0.0015
30,1,m,0.00115
30,2,m,0.00139
30,3,m,0.00106
30,4,m,0.00111
30,5,m,0.00157
30,6,m,0.00121
30,7,m,0.00114
30,8,m,0.0013
30,9,m,0.00132
30,10,m,0.0017
30,1,f,0.00108
30,2,f,0.0012
30,3,f,0.00138
30,4,f,0.00124
30,5,f,0.00136
30,6,f,0.00126
30,7,f,0.00139
30,8,f,0.00103
30,9,f,0.00126
30,10,f,0.00115
35,1,m,0.00126
35,2,m,0.00103
35,3,m,0.00105
35,4,m,0.00108
35,5,m,0.00111
35,6,m,0.001
35,7,m,0.00123
35,8,m,0.00122
35,9,m,0.00138
35,10,m,0.00108
35,1,f,0.00144
35,2,f,0.00117
35,3,f,0.00107
35,4,f,0.00108
35,5,f,0.00162
35,6,f,0.00118
35,7,f,0.00093
35,8,f,0.00125
35,9,f,0.00134
35,10,f,0.0013