hist_temp,indiv_num,egg_num,start_date,pupation_date,days_to_pupation,notes
25,1,1,2025-05-22,2025-06-17,26,
25,1,2,2025-05-22,2025-06-17,26,
25,1,3,2025-05-22,2025-06-12,21,
35,5,1,2025-05-22,NA,NA,No larva
35,5,2,2025-05-22,NA,NA,No larva
30,9,1,2025-05-22,NA,NA,No larva
30,9,2,2025-05-22,2025-06-17,26,
30,9,3,2025-05-22,NA,NA,No larva
25,9,1,2025-05-22,NA,NA,No larva
25,9,2,2025-05-22,NA,NA,No larva
25,9,3,2025-05-22,2025-06-17,26,
35,4,1,2025-05-22,NA,NA,No larva
35,4,2,2025-05-22,NA,NA,No larva
35,4,3,2025-05-22,NA,NA,No larva
25,3,1,2025-05-22,2025-06-19,28,
25,3,2,2025-05-22,2025-06-14,23,
25,3,3,2025-05-22,2025-06-16,25,
35,1,1,2025-05-22,NA,NA,No larva
35,1,2,2025-05-22,NA,NA,No larva
35,1,3,2025-05-22,NA,NA,No larva
30,5,1,2025-05-22,2025-06-15,24,
25,10,1,2025-05-22,2025-06-13,22,
25,10,2,2025-05-22,2025-06-13,22,
25,10,3,2025-05-22,2025-06-13,22,
30,4,1,2025-05-22,2025-06-19,28,
30,4,2,2025-05-22,2025-06-17,26,
30,4,3,2025-05-22,NA,NA,No larva
25,6,1,2025-05-22,2025-06-20,29,
25,6,2,2025-05-22,2025-06-13,22,
25,6,3,2025-05-22,NA,NA,No larva
35,3,1,2025-05-22,2025-06-18,27,
35,3,2,2025-05-22,2025-06-16,25,
35,3,3,2025-05-22,2025-06-17,26,
35,10,1,2025-05-22,NA,NA,No larva
35,10,2,2025-05-22,NA,NA,No larva
35,10,3,2025-05-22,NA,NA,No larva
30,8,1,2025-05-22,2025-06-15,24,
30,8,2,2025-05-22,2025-06-14,23,
30,8,3,2025-05-22,2025-06-14,23,
25,4,1,2025-05-22,NA,NA,No larva
25,4,2,2025-05-22,NA,NA,No larva
25,4,3,2025-05-22,NA,NA,No larva
30,7,1,2025-05-22,2025-06-13,22,
30,7,2,2025-05-22,NA,NA,No larva
30,7,3,2025-05-22,NA,NA,No larva
25,8,1,2025-05-22,NA,NA,No larva
25,8,2,2025-05-22,2025-06-18,27,
25,8,3,2025-05-22,NA,NA,No larva
30,6,1,2025-05-22,NA,NA,No larva
30,6,2,2025-05-22,NA,NA,No larva
30,6,3,2025-05-22,2025-06-15,24,
30,1,1,2025-05-22,NA,NA,No larva
30,1,2,2025-05-22,NA,NA,No larva
30,1,3,2025-05-22,NA,NA,No larva
25,5,1,2025-05-22,2025-06-17,26,
25,5,2,2025-05-22,2025-06-17,26,
25,5,3,2025-05-22,2025-06-15,24,
35,8,1,2025-05-22,2025-06-22,31,
35,8,2,2025-05-22,NA,NA,No larva
30,3,1,2025-05-22,NA,NA,No larva
30,3,2,2025-05-22,NA,NA,No larva
30,3,3,2025-05-22,NA,NA,No larva
25,2,1,2025-05-22,NA,NA,No larva
25,2,2,2025-05-22,NA,NA,No larva
25,2,3,2025-05-22,NA,NA,No larva
35,7,1,2025-05-22,NA,NA,No larva
35,7,2,2025-05-22,2025-06-18,27,
35,7,3,2025-05-22,2025-06-20,29,
25,7,1,2025-05-22,NA,NA,No larva
25,7,2,2025-05-22,NA,NA,No larva
25,7,3,2025-05-22,2025-06-16,25,
35,9,1,2025-05-22,NA,NA,No larva
35,9,2,2025-05-22,NA,NA,No larva
35,9,3,2025-05-22,NA,NA,No larva
30,2,1,2025-05-22,NA,NA,No larva
30,2,2,2025-05-22,NA,NA,No larva
30,2,3,2025-05-22,NA,NA,No larva