hist_temp,indiv_num,egg_num,length,width
35,10,1,612.928,325.859
35,8,3,664.606,301.111
35,8,2,652.717,318.712
35,8,1,671.514,279.389
35,2,2,680.175,277.617
35,2,1,667.821,285.717
30,8,3,657.663,312.834
30,8,2,604.012,298.015
30,8,1,637.077,303.417
30,4,3,638.629,321.844
30,4,2,659.057,278.354
30,4,1,612.188,303.985
30,3,3,600.034,372.531
30,3,2,653.784,338.091
30,3,1,587.16,249.386
30,1,3,641.36,305.57
30,1,2,610.816,304.272
30,1,1,667.36,292.026
25,10,3,691.07,330.874
25,10,2,676.56,307.243
25,10,1,660.652,299.407
25,9,3,549.282,262.186
25,9,2,621.706,287.75
25,9,1,617.908,299.205
25,8,3,638.887,312.501
25,8,2,632.055,326.804
25,8,1,722.802,333.408
25,7,3,620.301,311.155
25,7,2,645.85,301.766
25,7,1,664.086,323.443
25,6,3,717.086,346.91
25,6,2,694.653,317.754
25,6,1,671.168,307.571
25,2,3,580.638,328.861
25,2,2,654.122,325.957
25,2,1,628.653,339.399
35,9,3,655.33,322.233
35,9,2,656.395,304.865
35,9,1,646.203,309.894
35,7,3,704.881,304.128
35,7,2,687.631,307.618
35,7,1,678.932,303.487
35,5,3,662.111,329.774
35,5,2,673.87,306.276
35,5,1,652.466,316.542
35,4,3,726.887,292.748
35,4,2,665.129,333.97
35,4,1,720.769,343.888
35,3,3,737.935,334.178
35,3,2,682.842,312.026
35,3,1,711.894,321.564
35,1,3,622.641,320.885
35,1,2,659.232,279.824
35,1,1,639.91,356.955
30,9,3,669.139,328.961
30,9,2,675.656,335.151
30,9,1,658.86,339.484
30,7,3,640.055,348.262
30,7,2,673.171,343.443
30,7,1,635.418,288.479
30,6,3,702.944,311.201
30,6,2,658.138,343.556
30,6,1,673.186,335.178
30,5,3,649.739,318.514
30,5,2,644.299,307.854
30,5,1,637.651,311.158
30,2,3,637.914,306.054
30,2,2,662.092,295.242
30,2,1,582.132,304.319
25,8,1,636.603,332.972
25,5,3,591.289,282.985
25,5,2,623.843,324.701
25,5,1,639.912,323.67
25,4,3,703.68,294.819
25,4,2,715.832,324.319
25,4,1,704.046,360.976
25,3,3,677.721,306.752
25,3,2,641.038,303.219
25,3,1,661.793,309.106
25,1,3,656.256,311.474
25,1,2,682.314,327.136
25,1,1,629.374,320.939