hist_temp,indiv_num,egg_num,survival
25,1,1,y
25,1,2,y
25,1,3,y
35,5,1,n
35,5,2,n
30,9,1,n
30,9,2,y
30,9,3,n
25,9,1,n
25,9,2,n
25,9,3,y
35,4,1,n
35,4,2,n
35,4,3,n
25,3,1,y
25,3,2,y
25,3,3,y
35,1,1,n
35,1,2,n
35,1,3,n
30,5,1,y
25,10,1,y
25,10,2,y
25,10,3,y
30,4,1,y
30,4,2,y
30,4,3,n
25,6,1,y
25,6,2,y
25,6,3,n
35,3,1,y
35,3,2,y
35,3,3,y
35,10,1,n
35,10,2,n
35,10,3,n
30,8,1,y
30,8,2,y
30,8,3,y
25,4,1,n
25,4,2,n
25,4,3,n
30,7,1,y
30,7,2,n
30,7,3,n
25,8,1,n
25,8,2,y
25,8,3,n
30,6,1,n
30,6,2,n
30,6,3,y
30,1,1,n
30,1,2,n
30,1,3,n
25,5,1,y
25,5,2,y
25,5,3,y
35,8,1,y
35,8,2,n
30,3,1,n
30,3,2,n
30,3,3,n
25,2,1,n
25,2,2,n
25,2,3,n
35,7,1,n
35,7,2,y
35,7,3,y
25,7,1,n
25,7,2,n
25,7,3,y
35,9,1,n
35,9,2,n
35,9,3,n
30,2,1,n
30,2,2,n
30,2,3,n